customer_name,email,birth_date,registration_date,phone
Anthony Mitchell,anthony.mitchell1@gmail.com,1989-07-10,2025-05-19,86652277
Robert Martinez,robert.martinez2@gmail.com,1984-08-23,2026-06-26,85189996
Sophia Davis,sophia.davis3@gmail.com,1991-06-21,2026-03-30,61416391
Thomas White,thomas.white4@gmail.com,1975-09-06,2023-02-18,66209712
Joshua Roberts,joshua.roberts5@gmail.com,1985-03-30,2021-10-31,79193312
Benjamin Brown,benjamin.brown6@gmail.com,1986-04-13,2024-06-27,81697826
Ryan Garcia,ryan.garcia7@gmail.com,1985-11-23,2022-06-13,67707163
Anthony Thompson,anthony.thompson8@gmail.com,2000-08-29,2025-02-27,70646225
Maria King,maria.king9@gmail.com,2005-01-27,2024-05-07,87465242
David Adams,david.adams10@gmail.com,2005-03-10,2022-01-01,73281295
Chloe Mitchell,chloe.mitchell11@gmail.com,1998-03-12,2021-05-28,75243516
Charlotte Campbell,charlotte.campbell12@gmail.com,1994/06/24,05/12/2022,64664858
Charlotte Roberts,charlotte.roberts13@gmail.com,1979-09-02,2024-01-21,80792817
Victoria Thompson,victoria.thompson14@gmail.com,1994-03-21,2024-08-05,83348211
Olivia Martin,olivia.martin15@gmail.com,1977-09-19,2024-01-12,88976449
Hannah Young,hannah.young16@gmail.com,1990-10-19,2022-12-12,60316064
Robert Johnson,robert.johnson17@gmail.com,1970-01-22,2024-01-29,69657253
David Lee,david.lee18@gmail.com,1985-03-18,2024-11-22,64166444
James Carter,james.carter19@gmail.com,1987-04-25,2023-07-21,69118133
Joseph Young,joseph.young20@gmail.com,1973-06-09,2021-07-12,84618602
James Nelson,james.nelson21@gmail.com,1989-07-10,2025-07-13,62281825
John Wilson,john.wilson22@gmail.com,1994-10-07,2021-01-01,67082206
Abigail Harris,abigail.harris23@gmail.com,2002-05-13,2025-08-01,60726791
Samuel Walker,samuel.walker24@gmail.com,1990-01-29,2024-06-19,86993968
Emily Lee,emily.lee25@gmail.com,1993-05-17,2024-03-07,83842029
Maria Carter,maria.carter26@gmail.com,2005-05-24,2022-05-01,79386630
Alexander Harris,alexander.harris27@gmail.com,1973-05-06,2026-06-21,72914969
Joshua Garcia,joshua.garcia28@gmail.com,1978-03-21,2026-02-02,69058882
Maria Roberts,maria.roberts29@gmail.com,1991-09-01,2023-08-14,87796507
Olivia Mitchell,olivia.mitchell30@gmail.com,1991-10-19,2025-03-09,76829786
Emily Carter,emily.carter31@gmail.com,1999-01-08,2024-01-07,63932141
James Anderson,james.anderson32@gmail.com,1976-10-24,2024-05-31,86143532
Ryan King,ryan.king33@gmail.com,1991-08-02,2022-07-01,89041564
Robert Hall,robert.hall34@gmail.com,1977-12-05,2021-05-31,89198090
Joseph Johnson,joseph.johnson35@gmail,1987-02-11,2022-08-25,66345331
Samuel Martinez,samuel.martinez36@gmail.com,1973-11-17,2021-08-20,74880014
Amanda Harris,amanda.harris37@gmail.com,1991-05-29,2021-06-14,65925869
William Martin,william.martin38@gmail.com,2004-04-21,2025-04-05,
Charlotte Carter,charlotte.carter39@gmail.com,2005-04-19,2022-11-28,71611270
Olivia Carter,olivia.carter40@gmail.com,2004-01-06,2025-01-21,65413247
JAMES JOHNSON,james.johnson41@gmail.com,2002-12-18,2025-03-15,86164688
Joshua Brown,joshua.brown42@gmail.com,1986-11-02,2022-09-14,82384856
Charlotte Davis,charlotte.davis43@gmail.com,1988-08-28,2026-08-22,82832749
Sofia Campbell,sofia.campbell44@gmail.com,1988-03-07,2026-04-28,66556534
Lily Brown,lily.brown45@gmail.com,1988-03-08,2025-12-02,73352827
Thomas Green,thomas.green46@gmail.com,1982-03-03,2025-05-12,62401471
Anthony Davis,anthony.davis47@gmail.com,2000-06-02,2024-07-26,65395326
John Wilson,john.wilson48@gmail.com,1976-01-18,2022-05-05,63536067
Scarlett Carter,scarlett.carter49@gmail.com,1981-08-29,2021-12-24,84646410
Andrew King,andrew.king50@gmail.com,1982-02-01,2022-05-31,62162947
Daniel Carter,daniel.carter51@gmail.com,1979-03-05,2026-04-14,82596215
Daniel Carter,daniel.carter52@gmail.com,1989-12-15,2023-11-06,72439610
Abigail Baker,abigail.baker53@gmail.com,1977-08-21,2024-06-20,74062485
John Wilson,john.wilson54@gmail.com,2002-11-23,2025-07-31,75563117
Isabella Martinez,isabella.martinez55@gmail.com,1992-07-17,2025-06-07,84594715
Samuel Anderson,samuel.anderson56@gmail.com,1983-03-01,2021-09-22,74218742
  Andrew  Green  ,andrew.green57@gmail.com,1999-07-22,2021-06-17,79649406
Thomas Wright,thomas.wright58@gmail.com,1976-06-28,2023-08-31,87848413
Anthony Roberts,anthony.roberts59@gmail.com,1974-09-20,2024-01-02,88326310
Christopher Campbell,christopher.campbell60@gmail.com,2005-02-27,2024-10-07,60989104
Anthony Davis,anthony.davis61@gmail.com,1997-05-02,2021-02-19,85266648
Lily Wright,lily.wright62@gmail.com,1976-11-15,2021-02-07,68823258
Ella Walker,ella.walker63@gmail.com,1998-05-09,2024-05-31,60352107
Samuel Clark,samuel.clark64@gmail.com,2004-07-18,2021-07-14,61881257
Robert Anderson,robert.anderson65@gmail.com,2000/02/24,06/12/2021,71650135
Lily Taylor,lily.taylor66@gmail.com,1996-09-10,2025-01-06,60298237
Brandon Carter,brandon.carter67@gmail.com,1991-09-05,2024-07-18,87246265
Ryan Roberts,ryan.roberts68@gmail.com,1980-02-29,2021-12-07,85760805
Ella Hill,ella.hill69@gmail.com,1985-04-28,2023-09-02,86526482
Alexander Harris,alexander.harris70@gmail.com,1988-02-13,2021-07-03,84383880
Isabella Campbell,isabella.campbell71@gmail.com,1985-04-25,2021-11-13,67010672
Benjamin White,benjamin.white72@gmail.com,1975-10-08,2025-04-07,75847879
Isabella Wright,isabella.wright73@gmail.com,2002-12-03,2026-08-25,66670745
Alexander Green,alexander.green74@gmail.com,1974-05-14,2022-06-28,80575329
Sofia Roberts,sofia.roberts75@gmail.com,1970-11-25,2021-10-17,70654444
DAVID MARTINEZ,david.martinez76@gmail.com,1977-06-08,2022-04-23,65548994
Harper Harris,harper.harris77@gmail.com,1977-10-19,2026-06-30,84339504
Anthony Anderson,anthony.anderson78@gmail.com,1994-02-20,2022-10-19,70895443
Isabella Wright,isabella.wright79@gmail.com,1999-05-09,2026-05-11,82375560
Sophia White,sophia.white80@gmail.com,1980-06-26,2023-05-11,65509171
Joseph Johnson,joseph.johnson81@gmail.com,1978-06-08,2025-10-25,87586331
Sophia Garcia,sophia.garcia82@gmail.com,1988-01-22,2021-02-26,85572230
Thomas King,thomas.king83@gmail.com,2002-12-06,2021-06-10,75199002
Joseph Taylor,joseph.taylor84@gmail.com,1978-11-28,2022-06-06,88437416
William Carter,william.carter85@gmail.com,,2023-10-09,61897412
Joseph Walker,joseph.walker86@gmail.com,1984-03-06,2021-12-17,83258580
Ella Lewis,ella.lewis87@gmail.com,1997-01-26,2026-01-29,86940660
Alexander Martin,alexander.martin88@gmail.com,2003-11-25,2023-02-25,74948993
Benjamin White,benjamin.white89@gmail.com,1987-09-19,2022-03-03,84740893
Brandon King,brandon.king90@gmail.com,1992-08-20,2021-10-23,75672321
Amanda White,amanda.white91@gmail.com,1987-12-21,2021-02-08,69820757
Hannah Roberts,hannah.roberts92@gmail.com,1992-04-11,2021-12-13,88025737
William Allen,william.allen93@gmail.com,1976-06-05,2022-06-24,83409019
Thomas Hall,thomas.hall94@gmail.com,1987-07-31,2023-09-12,60360510
Andrew Nelson,andrew.nelson95@gmail.com,1993-11-21,2022-07-18,85868053
Chloe Carter,chloe.carter96@gmail.com,1981-11-01,2024-08-30,68451371
Alexander Campbell,alexander.campbell97@gmail.com,2000-03-31,2023-12-25,63088425
Evelyn Hill,evelyn.hill98@gmail.com,1978-09-14,2022-06-01,69046476
Ryan Scott,ryan.scott99@gmail.com,1992-08-16,2023-04-22,73068538
OLIVIA SMITH,olivia.smith100@gmail.com,1976-05-13,2024-03-21,68270104
Charlotte Scott,charlotte.scott101@gmail.com,1985-09-22,2021-03-17,88493710
Isabella Garcia,isabella.garcia102@gmail.com,1993-07-09,2023-05-08,66151363
Joseph Adams,joseph.adams103@gmail.com,1982-04-14,2022-05-14,88380403
Harper Hall,harper.hall104@gmail.com,1980-03-11,2021-02-09,
Maria Scott,maria.scott105@gmail.com,1998-07-01,2023-08-06,79001208
Robert Brown,robert.brown106@gmail.com,1974-01-19,2024-12-13,83917204
Thomas Mitchell,thomas.mitchell107@gmail.com,1985-04-04,2024-01-19,86173803
Amelia Scott,amelia.scott108@gmail,1991-02-18,2023-02-17,80667414
Sofia Baker,sofia.baker109@gmail.com,1988-05-23,2024-04-07,63969076
William Mitchell,william.mitchell110@gmail.com,1977-01-17,2022-05-02,73091437
Nicholas Wright,nicholas.wright111@gmail.com,1986-04-20,2024-09-08,60638471
Chloe Martin,chloe.martin112@gmail.com,1985-12-08,2026-04-11,71479900
Grace Roberts,grace.roberts113@gmail.com,1995-08-30,2025-06-03,84473904
John Martinez,john.martinez114@gmail.com,1987-04-16,2021-01-14,89191478
Sophia Young,sophia.young115@gmail.com,1987-11-21,2024-05-24,73238340
Chloe King,chloe.king116@gmail.com,1976-07-03,2025-10-31,71030394
William Thompson,william.thompson117@gmail.com,1993-12-09,2022-05-17,74180195
  William  King  ,william.king118@gmail.com,1998-03-14,2024-03-16,70426278
Samuel Scott,samuel.scott119@gmail.com,1977-12-15,2021-12-18,75778752
David Mitchell,david.mitchell120@gmail.com,1982-02-10,2023-07-29,61056738
Chloe Roberts,chloe.roberts121@gmail.com,1980-10-19,2025-12-14,83872723
David Allen,david.allen122@gmail.com,1971-12-25,2025-02-01,60021283
Robert Mitchell,robert.mitchell123@gmail.com,1993-12-10,2024-03-26,67045161
William Green,william.green124@gmail.com,1988-07-26,2023-05-19,83527211
Samuel Walker,samuel.walker125@gmail.com,1970-01-18,2023-10-08,75916582
Amanda King,amanda.king126@gmail.com,1999-01-23,2022-09-24,89041553
Emily Lee,emily.lee127@gmail.com,2000-09-28,2023-11-03,81047425
Lily Hill,lily.hill128@gmail.com,1995-01-02,2022-02-03,84390867
David Harris,david.harris129@gmail.com,1991-04-16,2024-03-26,63959677
Mia Wright,mia.wright130@gmail.com,1984-01-15,2022-06-09,70486468
Amanda Martin,amanda.martin131@gmail.com,1974-12-26,2023-01-31,70003342
Joshua Harris,joshua.harris132@gmail.com,1981-09-26,2025-11-14,63969917
Emily Clark,emily.clark133@gmail.com,2000-12-06,2022-12-17,81920823
John Wilson,john.wilson134@gmail.com,1979-07-25,2024-09-03,73268765
Harper Thompson,harper.thompson135@gmail.com,2002-01-06,2024-01-02,89135354
Chloe Davis,chloe.davis136@gmail.com,1987-12-31,2024-11-16,81312118
Abigail Garcia,abigail.garcia137@gmail.com,1992-10-11,2021-10-03,86246172
Alexander Adams,alexander.adams138@gmail.com,1988-05-18,2024-04-16,73537133
Mia Hill,mia.hill139@gmail.com,1973-02-06,2022-09-09,87576252
Grace Lee,grace.lee140@gmail.com,1971/12/23,05/15/2025,83832189
Maria Carter,maria.carter141@gmail.com,1995-07-09,2024-01-21,80047819
John Brown,john.brown142@gmail.com,1975-09-29,2025-11-26,66463650
Matthew Allen,matthew.allen143@gmail.com,1993-04-08,2024-11-01,88848458
Matthew Nelson,matthew.nelson144@gmail.com,1971-07-05,2023-03-20,60729581
Thomas Walker,thomas.walker145@gmail.com,1994-09-16,2026-07-20,80961026
Charlotte Mitchell,charlotte.mitchell146@gmail.com,1973-08-15,2021-05-06,66767591
Mia Green,mia.green147@gmail.com,1991-03-07,2022-04-05,81855127
Chloe Smith,chloe.smith148@gmail.com,2001-05-28,2023-04-08,61054816
John Lewis,john.lewis149@gmail.com,1980-07-24,2024-03-01,80695838
  Amanda  Mitchell  ,amanda.mitchell150@gmail.com,1980-10-01,2022-02-09,83574221
Isabella Green,isabella.green151@gmail.com,1984-08-02,2021-07-15,75427199
Anthony Scott,anthony.scott152@gmail.com,1993-11-24,2023-12-29,72411654
Hannah Johnson,hannah.johnson153@gmail.com,1995-03-07,2024-04-09,70165770
Evelyn Young,evelyn.young154@gmail.com,1990-02-24,2022-08-20,87795012
Victoria Mitchell,victoria.mitchell155@gmail.com,1997-11-13,2026-03-15,74554263
Lily King,lily.king156@gmail.com,1976-01-28,2022-05-07,61683020
Brandon White,brandon.white157@gmail.com,1991-02-25,2022-12-26,61144299
Brandon Clark,brandon.clark158@gmail.com,1997-07-14,2025-03-20,61223839
David Carter,david.carter159@gmail.com,1977-12-29,2021-04-12,61528573
Lily Baker,lily.baker160@gmail.com,1997-08-26,2021-04-15,68734586
Grace Thompson,grace.thompson161@gmail.com,1986-09-28,2025-01-09,77614496
Anthony Baker,anthony.baker162@gmail.com,2005-03-30,2024-08-27,80915304
Anthony Nelson,anthony.nelson163@gmail.com,1993-11-24,2022-02-14,64524914
Andrew Martinez,andrew.martinez164@gmail.com,1976-09-11,2023-10-15,63720665
Victoria Garcia,victoria.garcia165@gmail,1987-01-22,2021-12-16,87813463
Charlotte Baker,charlotte.baker166@gmail,,2024-07-17,60920902
Thomas Hill,thomas.hill167@gmail.com,1990-06-22,2022-03-25,77730074
Isabella Hill,isabella.hill168@gmail.com,1996-09-28,2021-06-08,83222428
Nicholas Johnson,nicholas.johnson169@gmail.com,1996-05-03,2026-07-21,88639539
Joshua Martinez,joshua.martinez170@gmail.com,1977-10-09,2025-01-18,60667180
Michael Hall,michael.hall171@gmail.com,1997-09-23,2021-12-15,70825760
Mia Lee,mia.lee172@gmail.com,1976-09-29,2024-08-19,71198950
Thomas Mitchell,thomas.mitchell173@gmail.com,1992-12-08,2022-07-21,86005751
Samuel Hill,samuel.hill174@gmail,1975-01-25,2026-02-19,71701001
Nicholas Martinez,nicholas.martinez175@gmail.com,1999-10-20,2024-10-15,88531185
Mia Adams,mia.adams176@gmail.com,,2022-04-17,82843465
Ella Lewis,ella.lewis177@gmail.com,1997-05-07,2024-05-09,74926594
William Hall,william.hall178@gmail.com,1979-03-08,2025-10-02,77641077
Andrew Anderson,andrew.anderson179@gmail.com,,2021-05-12,74793720
Nicholas Campbell,nicholas.campbell180@gmail.com,1986-07-13,2024-04-20,75613789
Emily Martin,emily.martin181@gmail.com,,2023-09-11,60065184
Hannah Walker,hannah.walker182@gmail.com,1977-04-23,2026-03-01,72698361
Andrew Brown,andrew.brown183@gmail.com,1975-03-09,2021-03-20,88716729
Thomas Roberts,thomas.roberts184@gmail.com,1971-11-02,2023-08-14,69683789
Sophia Wilson,sophia.wilson185@gmail.com,1975-06-17,2021-02-14,89750709
Benjamin Adams,benjamin.adams186@gmail.com,2002-09-12,2026-07-18,76862174
ELLA GREEN,ella.green187@gmail.com,1982-10-31,2024-03-23,83330805
Lily Wright,lily.wright188@gmail.com,1986-06-01,2026-06-19,87001428
Ella White,ella.white189@gmail.com,1988-07-02,2026-08-20,60141894
Chloe Wright,chloe.wright190@gmail.com,2005-02-20,2022-06-30,
Matthew Clark,matthew.clark191@gmail.com,1990-01-01,2025-09-29,73670177
ella king,ella.king192@gmail.com,1988-04-02,2026-05-10,88290555
Amanda Thompson,amanda.thompson193@gmail.com,2002-09-26,2022-12-25,78022492
Sofia Clark,sofia.clark194@gmail.com,1970-06-03,2021-08-14,78710248
Scarlett Lee,scarlett.lee195@gmail.com,1980-06-18,2024-10-18,70775840
Robert Allen,robert.allen196@gmail.com,1982-07-12,2022-03-26,63967410
Thomas Roberts,thomas.roberts197@gmail.com,1984-03-23,2021-04-28,78688402
Robert Roberts,robert.roberts198@gmail,2000-04-27,2025-08-16,89407646
Joshua Martinez,joshua.martinez199@gmail.com,,2025-02-13,83692054
Grace White,grace.white200@gmail.com,1987-05-29,2021-06-24,69423267
Olivia Nelson,olivia.nelson201@gmail.com,1995-08-05,2021-08-25,65540031
William Davis,william.davis202@gmail.com,1988-05-28,2026-08-20,86545023
Joseph Nelson,joseph.nelson203@gmail.com,1993-03-23,2021-06-12,66867416
Chloe Hall,chloe.hall204@gmail.com,1982-07-12,2024-08-08,65042524
Andrew Green,andrew.green205@gmail.com,1973-04-13,2023-11-07,79282828
Joshua Brown,joshua.brown206@gmail.com,1978-12-06,2022-06-17,61335302
Joseph Campbell,joseph.campbell207@gmail.com,1986-07-18,2021-06-01,76864145
Matthew Hill,matthew.hill208@gmail.com,1985-01-16,2021-12-14,80457676
Robert Mitchell,robert.mitchell209@gmail.com,1989-09-21,2023-07-22,77510192
Thomas Thompson,thomas.thompson210@gmail.com,1986-11-18,2023-08-23,68947744
Thomas Baker,thomas.baker211@gmail.com,1983-12-23,2024-06-02,71401019
David Taylor,david.taylor212@gmail.com,1994-12-19,2024-04-20,60453260
Grace Thompson,grace.thompson213@gmail.com,1993-02-07,2024-06-26,70874231
Robert Scott,robert.scott214@gmail.com,2000-04-25,2026-03-13,87984993
Victoria Scott,victoria.scott215@gmail.com,1984-12-31,2025-08-28,87087216
Nicholas Scott,nicholas.scott216@gmail.com,1990-09-17,2024-03-15,66069525
Mia Johnson,mia.johnson217@gmail.com,1998-05-21,2021-02-18,71609681
Robert Walker,robert.walker218@gmail.com,1992-10-24,2025-03-03,68486793
Robert Baker,robert.baker219@gmail.com,1974-10-04,2023-03-18,79738855
ISABELLA MITCHELL,isabella.mitchell220@gmail.com,2005-05-26,2021-01-31,86215312
Michael Johnson,michael.johnson221@gmail.com,1999-03-30,2024-12-06,66991942
Alexander Lee,alexander.lee222@gmail.com,1990-05-26,2025-03-18,66070800
Matthew Green,matthew.green223@gmail.com,1976-10-14,2023-06-12,69152914
Sofia Hill,sofia.hill224@gmail.com,1977-05-26,2022-11-13,78837405
James Johnson,james.johnson225@gmail.com,1986-06-06,2021-06-08,75752919
Michael Harris,michael.harris226@gmail.com,2003-07-31,2023-06-08,87956662
Nicholas Wright,nicholas.wright227@gmail.com,1990-07-24,2026-02-11,73579362
Victoria Davis,victoria.davis228@gmail.com,1993-10-20,2023-04-10,87475916
John Hill,john.hill229@gmail.com,1984-09-22,2024-03-12,75560034
Joshua Hill,joshua.hill230@gmail.com,1997-01-02,2025-02-27,75705778
  Robert  Baker  ,robert.baker231@gmail.com,1998-12-30,2024-11-25,70197389
David Brown,david.brown232@gmail.com,2005-12-18,2024-08-14,67994894
Joshua Baker,joshua.baker233@gmail.com,1980-07-04,2025-08-07,69372911
Robert Lee,robert.lee234@gmail.com,1992-06-01,2026-01-10,85886889
Benjamin Johnson,benjamin.johnson235@gmail.com,1976-03-16,2026-04-19,82658250
Amelia Lewis,amelia.lewis236@gmail.com,1990-12-17,2021-03-25,80117935
Ryan Carter,ryan.carter237@gmail.com,1976-08-22,2024-09-09,74937838
  Benjamin  Carter  ,benjamin.carter238@gmail.com,1988-11-09,2026-02-28,65991523
abigail campbell,abigail.campbell239@gmail.com,1991-04-02,2022-12-20,66913654
Grace Young,grace.young240@gmail.com,1980-01-07,2022-07-10,89349778
Grace Mitchell,grace.mitchell241@gmail.com,2004-02-08,2021-09-03,78485995
Ryan Thompson,ryan.thompson242@gmail.com,1979-02-19,2021-05-24,78687996
victoria baker,victoria.baker243@gmail.com,1984-01-16,2021-11-05,63612558
Ella Nelson,ella.nelson244@gmail.com,2004-02-27,2023-10-19,78364548
Maria Johnson,maria.johnson245@gmail.com,1989-12-24,2023-02-19,88433906
Joshua Taylor,joshua.taylor246@gmail.com,1994-04-11,2023-11-12,74841412
Victoria King,victoria.king247@gmail.com,1974-08-08,2026-06-12,76079172
Isabella Harris,isabella.harris248@gmail.com,2003-04-25,2026-07-10,65542787
William Roberts,william.roberts249@gmail.com,1983-11-13,2021-04-01,83238321
Joshua Roberts,joshua.roberts250@gmail.com,1999-10-24,2024-10-05,60730010
Robert Davis,robert.davis251@gmail.com,1975-10-08,2023-10-05,68584282
Harper Thompson,harper.thompson252@gmail.com,,2025-05-31,64164316
Abigail Brown,abigail.brown253@gmail.com,1976-11-12,2026-06-08,88722561
Sophia Clark,sophia.clark254@gmail.com,1978-06-10,2023-07-03,87769058
Ella Davis,ella.davis255@gmail.com,1971-03-19,2023-05-27,72157974
Isabella Martin,isabella.martin256@gmail.com,2005-03-13,2022-02-01,79332721
Andrew White,andrew.white257@gmail.com,1982-05-27,2023-03-18,65144272
Olivia Nelson,olivia.nelson258@gmail.com,2000-02-15,2025-05-23,69406241
Ryan Johnson,ryan.johnson259@gmail.com,1996-08-03,2021-01-20,66855973
Charlotte Lewis,charlotte.lewis260@gmail.com,1979-11-04,2026-04-24,84282498
Benjamin Clark,benjamin.clark261@gmail.com,1974-12-31,2022-02-14,79186032
Matthew Martin,matthew.martin262@gmail.com,2002/09/16,11/25/2022,
James Martin,james.martin263@gmail.com,1972-04-13,2025-04-29,89296106
Nicholas Wright,nicholas.wright264@gmail.com,1977-05-04,2021-01-07,78516053
Evelyn Young,evelyn.young265@gmail.com,1993-03-07,2022-04-21,83696133
Christopher Wilson,christopher.wilson266@gmail.com,1983-09-21,2026-08-01,85464967
Michael Taylor,michael.taylor267@gmail.com,1998-11-22,2022-08-03,80624735
Ryan Johnson,ryan.johnson268@gmail.com,2002-11-26,2024-02-07,88265994
Maria Davis,maria.davis269@gmail.com,1970-12-17,2023-05-25,79387244
Hannah Scott,hannah.scott270@gmail.com,1981-12-27,2025-07-30,88667043
Benjamin Green,benjamin.green271@gmail.com,1993-08-21,2024-02-21,68660400
Nicholas Martin,nicholas.martin272@gmail.com,1979-11-16,2022-02-02,61789086
Charlotte Garcia,charlotte.garcia273@gmail.com,1976-02-25,2024-06-30,62300229
Hannah Garcia,hannah.garcia274@gmail.com,1980-05-10,2025-01-21,87255894
Sophia Harris,sophia.harris275@gmail.com,1979-07-28,2023-06-11,66815193
Samuel Roberts,samuel.roberts276@gmail.com,1996-11-12,2025-05-31,64113506
Daniel Adams,daniel.adams277@gmail.com,1987-07-04,2026-02-26,77198963
Abigail Allen,abigail.allen278@gmail.com,1994-04-16,2024-10-09,67793504
Mia Allen,mia.allen279@gmail.com,1984-07-30,2022-12-04,66925859
Christopher Allen,christopher.allen280@gmail.com,1995-04-24,2024-09-05,77556011
Sofia Smith,sofia.smith281@gmail.com,1974-06-20,2025-05-22,75698716
Robert Allen,robert.allen282@gmail.com,1981-01-06,2025-01-06,74577877
Olivia Baker,olivia.baker283@gmail.com,1995-07-07,2024-07-04,87398162
Abigail Smith,abigail.smith284@gmail.com,1991-10-14,2026-02-27,85725997
Isabella Lee,isabella.lee285@gmail.com,1989-08-20,2022-10-01,77163666
Joseph Thompson,joseph.thompson286@gmail.com,1985-10-24,2026-03-21,85751629
Emily Green,emily.green287@gmail.com,1988-06-12,2026-04-19,88644749
Amanda Smith,amanda.smith288@gmail.com,1972-09-23,2025-09-14,63576304
David Adams,david.adams289@gmail.com,1986-12-02,2022-05-22,66763449
Isabella Mitchell,isabella.mitchell290@gmail.com,1982-05-19,2024-09-12,83850084
Emily White,emily.white291@gmail.com,1996-08-12,2023-07-08,61893452
Maria King,maria.king292@gmail.com,1986-12-15,2022-01-26,73846968
Lily Martin,lily.martin293@gmail.com,1991-05-06,2024-12-20,75853220
Amanda Johnson,amanda.johnson294@gmail.com,2000-02-07,2026-05-27,78535250
Amanda Campbell,amanda.campbell295@gmail.com,1999-02-13,2022-02-16,65629076
Benjamin Hill,benjamin.hill296@gmail.com,1981-09-25,2024-11-16,80343656
Samuel Campbell,samuel.campbell297@gmail.com,1979-09-30,2022-09-28,85718984
Lily Allen,lily.allen298@gmail.com,1984-08-23,2021-05-20,66503710
Samuel Harris,samuel.harris299@gmail.com,1993-06-30,2022-04-25,70178055
Michael Wilson,michael.wilson300@gmail.com,1971-04-30,2024-04-04,69698944
Lily Nelson,lily.nelson301@gmail.com,1993/01/02,02/27/2023,64117053
Nicholas King,nicholas.king302@gmail.com,1982-04-01,2022-08-03,84008302
Samuel Harris,samuel.harris303@gmail.com,1992-12-27,2025-08-15,63058326
Abigail Young,abigail.young304@gmail.com,1973-12-20,2024-11-30,84815320
Christopher Martin,christopher.martin305@gmail.com,1973-08-09,2024-07-01,80217912
Joseph Martin,joseph.martin306@gmail.com,1981-09-20,2021-03-25,78618048
Brandon Young,brandon.young307@gmail.com,1995-07-20,2022-03-01,79480141
Amelia Harris,amelia.harris308@gmail.com,1983-04-23,2024-09-04,84588203
Thomas Roberts,thomas.roberts309@gmail.com,1995-09-29,2024-10-25,75824969
Hannah Young,hannah.young310@gmail.com,1999/06/09,03/07/2023,60651941
Maria Wilson,maria.wilson311@gmail.com,1972-02-28,2023-02-18,86141335
Brandon Lewis,brandon.lewis312@gmail.com,1982-03-02,2025-08-20,68877432
Lily Scott,lily.scott313@gmail.com,1999-09-18,2023-06-07,67010478
Harper Campbell,harper.campbell314@gmail.com,1993-10-16,2021-01-16,66246087
Andrew Nelson,andrew.nelson315@gmail.com,1981-04-28,2026-03-20,64718845
Charlotte Allen,charlotte.allen316@gmail.com,1991-05-01,2026-06-14,74991723
Maria Harris,maria.harris317@gmail.com,1989-09-08,2022-03-20,67666663
Anthony Allen,anthony.allen318@gmail.com,1991-08-13,2021-10-14,83258109
Samuel Carter,samuel.carter319@gmail.com,1971-04-18,2025-10-31,73317280
Robert Garcia,robert.garcia320@gmail.com,1976-07-16,2024-08-02,66767379
David Martinez,david.martinez321@gmail.com,2003-12-26,2023-03-11,75497486
Ryan Young,ryan.young322@gmail.com,1983-07-24,2021-11-24,71069438
Amanda Martin,amanda.martin323@gmail.com,1994-06-18,2023-01-18,64212617
Victoria Adams,victoria.adams324@gmail,1991-11-21,2025-02-15,82527764
Evelyn Brown,evelyn.brown325@gmail,1999-11-07,2022-01-21,74794531
Robert Allen,robert.allen326@gmail.com,1971-04-10,2026-02-11,87209173
Hannah Baker,hannah.baker327@gmail.com,1971-03-02,2023-08-16,66009757
Maria King,maria.king328@gmail.com,1990-10-14,2024-07-01,82615248
Emily Lee,emily.lee329@gmail.com,1981-02-07,2024-05-25,69706224
Abigail Baker,abigail.baker330@gmail.com,1986-06-20,2022-08-31,60303588
David Roberts,david.roberts331@gmail.com,1975-01-19,2022-02-20,78137540
Amanda Hill,amanda.hill332@gmail.com,1998-12-26,2026-04-21,66634595
Daniel Walker,daniel.walker333@gmail.com,1989-12-09,2024-10-31,80396412
Ryan Walker,ryan.walker334@gmail.com,2005-08-07,2021-09-25,70529821
Alexander Campbell,alexander.campbell335@gmail.com,1979-12-22,2024-03-08,75658975
Robert Taylor,robert.taylor336@gmail.com,1983-02-19,2025-04-22,77013440
Amanda Wright,amanda.wright337@gmail.com,1993-10-17,2025-10-20,78173005
Sophia Harris,sophia.harris338@gmail.com,1974-06-09,2022-07-10,86763586
Emily Taylor,emily.taylor339@gmail.com,1998-01-05,2022-10-01,
AMELIA SCOTT,amelia.scott340@gmail.com,1994-10-24,2026-08-11,65568664
Sofia Baker,sofia.baker341@gmail.com,1997-03-25,2023-02-21,82711253
Sofia Clark,sofia.clark342@gmail.com,1999-11-09,2026-08-20,67870214
Lily Roberts,lily.roberts343@gmail.com,1973-09-01,2024-04-26,64112750
Amelia Carter,amelia.carter344@gmail.com,2004-11-18,2022-12-24,69276938
Anthony Hill,anthony.hill345@gmail.com,1992-08-02,2022-07-14,70516570
Benjamin Campbell,benjamin.campbell346@gmail.com,1997-04-09,2026-03-26,73725547
Maria Hall,maria.hall347@gmail.com,1989-09-30,2021-11-30,70774672
Robert King,robert.king348@gmail.com,2000-03-18,2024-01-21,88807900
Grace Lewis,grace.lewis349@gmail.com,1986-08-07,2022-05-03,89099318
joshua white,joshua.white350@gmail.com,1986-01-21,2021-02-23,79232673
Robert Smith,robert.smith351@gmail.com,2000-04-26,2023-02-28,63241686
  Grace  Green  ,grace.green352@gmail.com,1985-08-28,2022-06-10,64817850
Sofia Martinez,sofia.martinez353@gmail.com,,2021-01-08,63810228
Isabella Wilson,isabella.wilson354@gmail,2005-02-03,2022-12-21,64727121
Anthony Garcia,anthony.garcia355@gmail.com,1999-08-14,2024-06-23,67611723
Chloe Mitchell,chloe.mitchell356@gmail.com,1993-09-16,2025-01-07,
Matthew Campbell,matthew.campbell357@gmail.com,1986-12-25,2026-06-28,61704410
Charlotte Lee,charlotte.lee358@gmail.com,1990-10-06,2022-08-04,64468690
Joseph Allen,joseph.allen359@gmail.com,2002-07-06,2025-09-02,73377060
Victoria Carter,victoria.carter360@gmail.com,1970-02-07,2021-11-01,68326749
Isabella Wright,isabella.wright361@gmail.com,1996-10-09,2021-11-22,70054761
James Martin,james.martin362@gmail.com,1973-12-09,2022-09-12,66459408
William Davis,william.davis363@gmail.com,1976-08-07,2024-04-02,82787126
Matthew Hall,matthew.hall364@gmail.com,1989-04-08,2023-01-21,64589733
Mia Martin,mia.martin365@gmail.com,1982-05-18,2022-03-06,85368786
Joshua Johnson,joshua.johnson366@gmail.com,1991-01-17,2025-02-08,75469459
Chloe Martinez,chloe.martinez367@gmail.com,1984-10-05,2023-03-10,61759794
Daniel Mitchell,daniel.mitchell368@gmail.com,1981-11-08,2025-10-04,62016440
Olivia Hall,olivia.hall369@gmail.com,1972-02-24,2022-12-22,81413920
Brandon Thompson,brandon.thompson370@gmail.com,1974-03-31,2025-06-30,65700836
James Lee,james.lee371@gmail.com,1990-12-23,2024-07-20,66974288
Sophia Wright,sophia.wright372@gmail.com,1996-10-05,2026-05-19,87780435
Evelyn Green,evelyn.green373@gmail.com,1982-08-13,2022-08-26,72135305
Joshua Baker,joshua.baker374@gmail.com,1990-12-20,2022-04-29,88092986
Robert Brown,robert.brown375@gmail.com,1990/09/29,07/13/2024,76953405
Grace Lewis,grace.lewis376@gmail.com,2003-01-20,2021-05-02,80802769
hannah allen,hannah.allen377@gmail.com,1976-03-10,2021-09-22,67054949
David Hall,david.hall378@gmail.com,1970-05-17,2022-03-11,62490531
Charlotte Campbell,charlotte.campbell379@gmail.com,1991-09-01,2021-06-26,66271984
Evelyn Johnson,evelyn.johnson380@gmail.com,1988-08-02,2025-09-21,89464880
Christopher Anderson,christopher.anderson381@gmail.com,1986-03-30,2022-03-04,65217534
Nicholas Brown,nicholas.brown382@gmail.com,1976-10-02,2021-08-11,70502727
Mia Taylor,mia.taylor383@gmail.com,1994-06-11,2021-03-27,64532106
Emily Adams,emily.adams384@gmail.com,1972-11-19,2023-11-23,89481381
Grace Young,grace.young385@gmail.com,2002/08/29,04/12/2024,72895803
Emily Martin,emily.martin386@gmail.com,1994-05-20,2023-11-10,84336843
Hannah Walker,hannah.walker387@gmail.com,1996-08-12,2023-07-13,68836297
Grace Carter,grace.carter388@gmail.com,1999-12-05,2022-09-09,80185610
Benjamin Green,benjamin.green389@gmail.com,2004-07-25,2022-05-01,82152502
Amanda Adams,amanda.adams390@gmail.com,2003-11-30,2026-02-18,73908381
Ella King,ella.king391@gmail.com,1997-01-03,2026-02-11,62746222
James Garcia,james.garcia392@gmail.com,1988-10-22,2024-05-24,82538100
Samuel Taylor,samuel.taylor393@gmail.com,1985-11-27,2023-10-05,85438872
Charlotte Clark,charlotte.clark394@gmail.com,1999-10-23,2025-07-02,64894497
Alexander Carter,alexander.carter395@gmail.com,2000-05-11,2023-02-27,87595260
Grace Roberts,grace.roberts396@gmail.com,1991-11-02,2021-05-05,64161405
Isabella Martin,isabella.martin397@gmail.com,1987-11-12,2024-07-09,80214603
Isabella Carter,isabella.carter398@gmail.com,1979-09-24,2025-10-14,79387832
Matthew Taylor,matthew.taylor399@gmail.com,2003-04-12,2025-11-22,60902542
Benjamin King,benjamin.king400@gmail.com,1980-10-19,2024-05-27,86942605
Robert Adams,robert.adams401@gmail.com,1994-10-24,2023-03-31,79023672
Harper Hill,harper.hill402@gmail.com,1988-07-05,2021-09-28,77836038
Amanda White,amanda.white403@gmail.com,1978-02-17,2024-07-15,80408875
David Davis,david.davis404@gmail.com,1975-11-28,2023-03-13,75065771
Matthew Lee,matthew.lee405@gmail.com,1994-04-15,2021-10-03,61500028
Lily Young,lily.young406@gmail.com,2000-11-18,2022-11-26,61143949
Scarlett Hall,scarlett.hall407@gmail.com,1970-01-13,2021-07-27,70789257
Ella Scott,ella.scott408@gmail.com,1991-11-23,2025-09-17,86063044
Thomas White,thomas.white409@gmail.com,1998-06-18,2021-04-06,61345661
Victoria Clark,victoria.clark410@gmail.com,1974-07-20,2024-06-14,87812490
Amelia Adams,amelia.adams411@gmail.com,1981-06-17,2024-08-18,
Amelia Adams,amelia.adams412@gmail.com,1971-01-17,2022-08-01,77780391
Nicholas Davis,nicholas.davis413@gmail.com,1986-06-09,2021-04-16,87379400
Alexander Walker,alexander.walker414@gmail.com,1998/09/03,03/03/2023,88826144
Victoria Harris,victoria.harris415@gmail.com,1989-05-28,2026-01-15,64195219
Benjamin White,benjamin.white416@gmail.com,1970-03-12,2026-07-24,82354339
Nicholas Young,nicholas.young417@gmail.com,1993-02-15,2023-06-28,75880910
Nicholas Taylor,nicholas.taylor418@gmail.com,1998/05/16,03/21/2025,84803888
Ryan Wilson,ryan.wilson419@gmail.com,1990-10-11,2025-06-28,80163797
David Lewis,david.lewis420@gmail.com,1997-12-21,2022-08-13,67282658
  Amanda  Johnson  ,amanda.johnson421@gmail.com,1985-06-28,2025-12-13,80668682
Sophia Martin,sophia.martin422@gmail.com,1993-11-12,2021-10-11,74484829
Ryan Baker,ryan.baker423@gmail.com,2004-06-16,2024-03-20,86515296
Emily Anderson,emily.anderson424@gmail.com,1996-03-28,2024-10-24,72740981
Lily Hill,lily.hill425@gmail.com,1972-08-10,2022-12-22,81626675
Amelia Clark,amelia.clark426@gmail.com,1973-05-22,2022-03-18,65864353
Robert Johnson,robert.johnson427@gmail.com,1996-07-25,2022-12-19,76439048
John Johnson,john.johnson428@gmail.com,2000-02-13,2023-03-31,60693958
Sofia Anderson,sofia.anderson429@gmail.com,1993-08-27,2022-09-04,89141113
Mia Baker,mia.baker430@gmail.com,2003-03-03,2022-11-11,70292064
Anthony Wright,anthony.wright431@gmail.com,1988/08/26,04/21/2024,71080806
Joseph Lewis,joseph.lewis432@gmail.com,1993-02-04,2022-06-26,83526244
Mia Hall,mia.hall433@gmail.com,2004-09-12,2021-01-13,68703671
Victoria Brown,victoria.brown434@gmail.com,2000-03-07,2021-08-04,77000602
Daniel Thompson,daniel.thompson435@gmail.com,1987-02-14,2023-07-08,70669900
Charlotte Adams,charlotte.adams436@gmail.com,1989-02-11,2026-05-15,70148496
Amelia Allen,amelia.allen437@gmail.com,1997-12-01,2025-08-04,67197266
Matthew Harris,matthew.harris438@gmail.com,1976-10-27,2025-06-08,62337408
joseph brown,joseph.brown439@gmail.com,1989/04/02,10/01/2025,89209938
Brandon Johnson,brandon.johnson440@gmail.com,1972-11-05,2025-02-17,66868671
alexander anderson,alexander.anderson441@gmail.com,1999-11-27,2021-11-29,84353626
Amelia Nelson,amelia.nelson442@gmail.com,1996-05-10,2024-04-29,65123794
Nicholas Anderson,nicholas.anderson443@gmail.com,1980-05-13,2021-02-22,77175113
Sophia Martin,sophia.martin444@gmail.com,1998-08-25,2021-10-31,75476464
Michael Martinez,michael.martinez445@gmail.com,1976-08-02,2025-07-30,78369753
Sofia Scott,sofia.scott446@gmail.com,1974-12-01,2023-11-27,72743934
Alexander Carter,alexander.carter447@gmail.com,1978-06-24,2021-02-07,80264386
Matthew Wilson,matthew.wilson448@gmail.com,1976-08-15,2021-03-12,70906153
Andrew Clark,andrew.clark449@gmail.com,1977-12-21,2024-09-30,61844235
Joshua Hall,joshua.hall450@gmail.com,1998-05-01,2026-04-30,
Mia King,mia.king451@gmail.com,2004-06-23,2026-04-09,60798952
Emily Baker,emily.baker452@gmail.com,1970-10-01,2024-03-29,81909581
Victoria Johnson,victoria.johnson453@gmail.com,2000-10-06,2025-09-26,85600863
Joshua Green,joshua.green454@gmail.com,1984-04-01,2023-10-20,67851606
Abigail Adams,abigail.adams455@gmail.com,1991-08-19,2021-02-16,73747771
Brandon Lewis,brandon.lewis456@gmail.com,1973-01-27,2026-08-21,70522419
Abigail Anderson,abigail.anderson457@gmail.com,2004-12-14,2026-03-08,88356186
Harper Wilson,harper.wilson458@gmail.com,1987-02-01,2026-04-15,81157285
Nicholas Martin,nicholas.martin459@gmail.com,1994-12-04,2021-11-18,86770181
Sophia Walker,sophia.walker460@gmail.com,2000-12-08,2024-10-02,66674979
Robert Thompson,robert.thompson461@gmail.com,1997-09-30,2026-02-05,83898249
Andrew Johnson,andrew.johnson462@gmail.com,1999-02-18,2024-03-28,63593547
Andrew Campbell,andrew.campbell463@gmail.com,1980-10-20,2026-04-05,78606631
Thomas Brown,thomas.brown464@gmail.com,2004-09-01,2026-02-12,68552347
Emily Clark,emily.clark465@gmail.com,1987-04-09,2022-10-01,66447795
David Thompson,david.thompson466@gmail.com,1978-01-10,2026-02-28,74024245
Ryan Martinez,ryan.martinez467@gmail.com,1979-02-11,2024-03-30,72813124
Lily Clark,lily.clark468@gmail.com,1980-08-13,2022-04-05,73504041
Maria Campbell,maria.campbell469@gmail.com,1995-05-13,2026-04-09,86648795
Grace King,grace.king470@gmail.com,1997-03-03,2024-03-25,82473477
Benjamin Allen,benjamin.allen471@gmail.com,1972-04-30,2021-11-12,71004274
Sophia Adams,sophia.adams472@gmail.com,1976-04-19,2025-03-17,61947119
Sophia King,sophia.king473@gmail.com,1980-04-22,2021-05-16,80069302
Emily Campbell,emily.campbell474@gmail.com,1991-06-17,2021-08-16,81640444
Ella Lee,ella.lee475@gmail.com,1972-10-29,2025-07-09,87415401
Charlotte Roberts,charlotte.roberts476@gmail.com,1981-08-27,2021-08-02,81032412
Harper Hall,harper.hall477@gmail.com,2003-03-14,2025-07-06,63646452
Olivia Hill,olivia.hill478@gmail,1970-09-13,2021-06-10,70580029
Nicholas Young,nicholas.young479@gmail.com,1994-04-04,2022-08-20,86141241
Anthony Walker,anthony.walker480@gmail.com,1999-11-16,2025-11-14,68805895
Christopher Hall,christopher.hall481@gmail.com,2005-04-12,2026-06-17,73757252
Thomas Anderson,thomas.anderson482@gmail.com,1990-07-12,2023-07-28,63866880
William Baker,william.baker483@gmail.com,1991-01-15,2021-11-24,83741983
Christopher Campbell,christopher.campbell484@gmail.com,1994-01-19,2022-04-27,88592954
Samuel Adams,samuel.adams485@gmail.com,1980-11-21,2022-11-02,61468212
Alexander Allen,alexander.allen486@gmail.com,1975-02-07,2021-11-11,67268045
Amanda Carter,amanda.carter487@gmail.com,1994-11-08,2024-12-04,72755109
David Mitchell,david.mitchell488@gmail.com,1997-12-10,2024-05-04,85415532
Michael Harris,michael.harris489@gmail.com,1976-10-15,2023-10-04,71681063
Matthew Taylor,matthew.taylor490@gmail.com,1972-03-23,2021-11-30,70973046
Grace Thompson,grace.thompson213@gmail.com,1993-02-07,2024-06-26,70874231
Maria Carter,maria.carter141@gmail.com,1995-07-09,2024-01-21,80047819
Robert Brown,robert.brown375@gmail.com,1990/09/29,07/13/2024,76953405
Sophia White,sophia.white80@gmail.com,1980-06-26,2023-05-11,65509171
Brandon Thompson,brandon.thompson370@gmail.com,1974-03-31,2025-06-30,65700836
Amanda Campbell,amanda.campbell295@gmail.com,1999-02-13,2022-02-16,65629076
Thomas Hill,thomas.hill167@gmail.com,1990-06-22,2022-03-25,77730074
Joshua Roberts,joshua.roberts250@gmail.com,1999-10-24,2024-10-05,60730010
Abigail Smith,abigail.smith284@gmail.com,1991-10-14,2026-02-27,85725997
Olivia Baker,olivia.baker283@gmail.com,1995-07-07,2024-07-04,87398162
